date,time,,direction,balance,unrealized_p/l,yield,aop,esp,aop-esp_diff,alert_zlema,alert_tdi,alert_heikin,alert_ma,alert_hccco,alert_cm_ult
2023-04-07,04:54:10,Multi,14.81,-2.87,-28.72%,,27915.90,27617.80,298.10,LONG,LONG,LONG,LONG,LONG,LONG
2023-04-07,04:53:53,Multi,14.85,-2.83,-28.26%,,27915.90,27617.80,298.10,LONG,LONG,LONG,LONG,LONG,LONG
2023-04-07,04:52:56,Multi,15.15,-2.53,-25.25%,,27915.90,27617.80,298.10,LONG,LONG,LONG,LONG,LONG,LONG
2023-04-07,04:52:39,Multi,15.15,-2.53,-25.25%,,27915.90,27617.80,298.10,LONG,LONG,LONG,LONG,LONG,LONG
2023-04-07,04:52:21,Multi,15.15,-2.53,-25.25%,,27915.90,27617.80,298.10,LONG,LONG,LONG,LONG,LONG,LONG
2023-04-07,04:52:03,Multi,15.15,-2.53,-25.25%,,27915.90,27617.80,298.10,LONG,LONG,LONG,LONG,LONG,LONG
2023-04-07,04:51:44,Multi,14.81,-2.87,-28.72%,,27915.90,27617.80,298.10,LONG,LONG,LONG,LONG,LONG,LONG
2023-04-07,04:51:26,Multi,14.81,-2.87,-28.72%,,27915.90,27617.80,298.10,LONG,LONG,LONG,LONG,LONG,LONG
2023-04-07,04:50:55,Multi,14.81,-2.87,-28.72%,,27915.90,27617.80,298.10,LONG,LONG,LONG,LONG,LONG,LONG
2023-04-07,04:50:36,Multi,14.81,-2.87,-28.72%,,27915.90,27617.80,298.10,LONG,LONG,LONG,LONG,LONG,LONG
2023-04-07,04:50:18,Multi,14.85,-2.83,-28.26%,,27915.90,27617.80,298.10,LONG,LONG,LONG,LONG,LONG,LONG
2023-04-07,04:49:56,Multi,15.08,-2.60,-26%,,27915.90,27617.80,298.10,LONG,LONG,LONG,LONG,LONG,LONG
2023-04-07,04:49:31,Multi,15.12,-2.56,-25.57%,,27915.90,27617.80,298.10,LONG,LONG,LONG,LONG,LONG,LONG
2023-04-07,04:49:12,Multi,15.47,-2.21,-22.1%,,27915.90,27617.80,298.10,LONG,LONG,LONG,LONG,LONG,LONG
2023-04-07,04:48:49,Multi,15.41,-2.27,-22.67%,,27915.90,27617.80,298.10,LONG,LONG,LONG,LONG,LONG,LONG
2023-04-07,04:48:29,Multi,15.25,-2.43,-24.32%,,27915.90,27617.80,298.10,LONG,LONG,LONG,LONG,LONG,LONG
2023-04-07,04:48:07,Multi,15.20,-2.48,-24.78%,,27915.90,27617.80,298.10,LONG,LONG,LONG,LONG,LONG,LONG
2023-04-07,04:47:43,Multi,15.25,-2.43,-24.28%,,27915.90,27617.80,298.10,LONG,LONG,LONG,LONG,LONG,LONG
2023-04-07,04:47:22,Multi,15.25,-2.43,-24.28%,,27915.90,27617.80,298.10,LONG,LONG,LONG,LONG,LONG,LONG
2023-04-07,04:47:01,Multi,15.25,-2.43,-24.28%,,27915.90,27617.80,298.10,LONG,LONG,LONG,LONG,LONG,LONG
2023-04-07,04:46:38,Multi,16.16,-1.52,-15.22%,,27915.90,27617.80,298.10,LONG,LONG,LONG,LONG,LONG,LONG
2023-04-07,04:46:17,Multi,16.06,-1.62,-16.22%,,27915.90,27617.80,298.10,LONG,LONG,LONG,LONG,LONG,LONG
2023-04-07,04:45:52,Multi,15.80,-1.88,-18.8%,,27915.90,27617.80,298.10,LONG,LONG,LONG,LONG,LONG,LONG
2023-04-07,04:45:31,Multi,15.35,-2.33,-23.28%,,27915.90,27617.80,298.10,LONG,LONG,LONG,LONG,LONG,LONG
2023-04-07,04:44:38,Multi,16.02,-1.65,-16.54%,,27915.90,27617.80,298.10,LONG,LONG,LONG,LONG,LONG,LONG
2023-04-07,04:44:19,Multi,16.22,-1.45,-14.54%,,27915.90,27617.80,298.10,LONG,LONG,LONG,LONG,LONG,LONG
2023-04-07,04:43:59,Multi,16.22,-1.45,-14.54%,,27915.90,27617.80,298.10,LONG,LONG,LONG,LONG,LONG,LONG
2023-04-07,04:43:41,Multi,16.02,-1.65,-16.54%,,27915.90,27617.80,298.10,LONG,LONG,LONG,LONG,LONG,LONG
2023-04-07,04:43:22,Multi,16.02,-1.65,-16.54%,,27915.90,27617.80,298.10,LONG,LONG,LONG,LONG,LONG,LONG
2023-04-07,04:43:01,Multi,16.16,-1.52,-15.18%,,27915.90,27617.80,298.10,LONG,LONG,LONG,LONG,LONG,LONG
2023-04-07,04:42:37,Multi,15.88,-1.80,-17.98%,,27915.90,27617.80,298.10,LONG,LONG,LONG,LONG,LONG,LONG
2023-04-07,04:42:17,Multi,16.16,-1.52,-15.15%,,27915.90,27617.80,298.10,LONG,LONG,LONG,LONG,LONG,LONG
2023-04-07,04:41:59,Multi,16.16,-1.52,-15.15%,,27915.90,27617.80,298.10,LONG,LONG,LONG,LONG,LONG,LONG
2023-04-07,04:41:11,Multi,16.65,-1.02,-10.24%,,27915.90,27617.80,298.10,LONG,LONG,LONG,LONG,LONG,LONG
2023-04-07,04:40:31,Multi,16.87,-0.81,-8.09%,,27915.90,27617.80,298.10,LONG,LONG,LONG,LONG,LONG,LONG
2023-04-07,04:40:12,Multi,16.87,-0.81,-8.09%,,27915.90,27617.80,298.10,LONG,LONG,LONG,LONG,LONG,LONG
2023-04-07,04:39:51,Multi,17.19,-0.49,-4.87%,,27915.90,27617.80,298.10,LONG,LONG,LONG,LONG,LONG,LONG
2023-04-07,04:39:32,Multi,17.30,-0.38,-3.83%,,27915.90,27617.80,298.10,LONG,LONG,LONG,LONG,LONG,LONG
2023-04-07,04:39:12,Multi,17.53,-0.15,-1.5%,,27915.90,27617.80,298.10,LONG,LONG,LONG,LONG,LONG,LONG
2023-04-07,04:38:53,Multi,17.53,-0.15,-1.5%,,27915.90,27617.80,298.10,LONG,LONG,LONG,LONG,LONG,LONG
2023-04-07,04:38:31,Multi,17.43,-0.25,-2.5%,,27915.90,27617.80,298.10,LONG,LONG,LONG,LONG,LONG,LONG
2023-04-07,04:38:10,Multi,17.62,-0.06,-0.6%,,27915.90,27617.80,298.10,LONG,LONG,LONG,LONG,LONG,LONG
2023-04-07,04:37:48,Multi,17.27,-0.40,-4.04%,,27915.90,27617.80,298.10,LONG,LONG,LONG,LONG,LONG,LONG
2023-04-07,04:37:11,Multi,16.97,-0.71,-7.09%,,27915.90,27617.80,298.10,LONG,LONG,LONG,LONG,LONG,LONG
2023-04-07,04:36:52,Multi,16.97,-0.71,-7.09%,,27915.90,27617.80,298.10,LONG,LONG,LONG,LONG,LONG,LONG
2023-04-07,04:36:34,Multi,16.97,-0.71,-7.09%,,27915.90,27617.80,298.10,LONG,LONG,LONG,LONG,LONG,LONG
2023-04-07,04:36:17,Multi,16.97,-0.71,-7.09%,,27915.90,27617.80,298.10,LONG,LONG,LONG,LONG,LONG,LONG
2023-04-07,04:35:57,Multi,16.97,-0.71,-7.09%,,27915.90,27617.80,298.10,LONG,LONG,LONG,LONG,LONG,LONG
2023-04-07,04:35:36,Multi,16.97,-0.71,-7.09%,,27915.90,27617.80,298.10,LONG,LONG,LONG,LONG,LONG,LONG
2023-04-07,04:35:13,Multi,16.87,-0.81,-8.05%,,27915.90,27617.80,298.10,LONG,LONG,LONG,LONG,LONG,LONG
2023-04-07,04:34:54,Multi,16.76,-0.92,-9.17%,,27915.90,27617.80,298.10,LONG,LONG,LONG,LONG,LONG,LONG
2023-04-07,04:34:34,Multi,16.66,-1.02,-10.2%,,27915.90,27617.80,298.10,LONG,LONG,LONG,LONG,LONG,LONG
2023-04-07,04:34:09,Multi,17.04,-0.63,-6.34%,,27915.90,27617.80,298.10,LONG,LONG,LONG,LONG,LONG,LONG
2023-04-07,04:33:47,Multi,16.66,-1.02,-10.2%,,27915.90,27617.80,298.10,LONG,LONG,LONG,LONG,LONG,LONG
2023-04-07,04:33:26,Multi,16.66,-1.02,-10.2%,,27915.90,27617.80,298.10,LONG,LONG,LONG,LONG,LONG,LONG
2023-04-07,04:33:05,Multi,16.75,-0.92,-9.24%,,27915.90,27617.80,298.10,LONG,LONG,LONG,LONG,LONG,LONG
2023-04-07,04:32:42,Multi,17.40,-0.28,-2.82%,,27915.90,27617.80,298.10,LONG,LONG,LONG,LONG,LONG,LONG
2023-04-07,04:32:21,Multi,17.40,-0.28,-2.82%,,27915.90,27617.80,298.10,LONG,LONG,LONG,LONG,LONG,LONG
2023-04-07,04:32:00,Multi,16.86,-0.82,-8.2%,,27915.90,27617.80,298.10,LONG,LONG,LONG,LONG,LONG,LONG
2023-04-07,04:31:38,Multi,16.86,-0.82,-8.2%,,27915.90,27617.80,298.10,SHORT,LONG,SHORT,LONG,LONG,LONG
2023-04-07,04:31:16,Multi,16.95,-0.72,-7.23%,,27915.90,27617.80,298.10,SHORT,LONG,SHORT,LONG,LONG,LONG
,,,,,,,,,,,,,,,
2023-04-07,04:30:48,NO_POSITION_OPENED,17.88,-,-,-,-,-,-,SHORT,LONG,LONG,LONG,LONG,LONG
,,,,,,,,,,,,,,,
2023-04-07,04:30:17,NO_POSITION_OPENED,17.88,-,-,-,-,-,-,SHORT,LONG,SHORT,SHORT,LONG,LONG
2023-04-07,04:29:50,NO_POSITION_OPENED,17.88,-,-,-,-,-,-,SHORT,LONG,SHORT,SHORT,LONG,LONG
2023-04-07,04:29:28,NO_POSITION_OPENED,17.88,-,-,-,-,-,-,SHORT,LONG,SHORT,SHORT,LONG,LONG
2023-04-07,04:29:06,NO_POSITION_OPENED,17.88,-,-,-,-,-,-,SHORT,LONG,SHORT,SHORT,LONG,SHORT
2023-04-07,04:28:42,NO_POSITION_OPENED,17.88,-,-,-,-,-,-,SHORT,LONG,SHORT,SHORT,LONG,SHORT
2023-04-07,04:28:15,NO_POSITION_OPENED,17.88,-,-,-,-,-,-,SHORT,SHORT,SHORT,SHORT,SHORT,SHORT
2023-04-07,04:27:52,NO_POSITION_OPENED,17.88,-,-,-,-,-,-,SHORT,SHORT,SHORT,SHORT,SHORT,SHORT
2023-04-07,04:27:30,NO_POSITION_OPENED,17.88,-,-,-,-,-,-,SHORT,SHORT,SHORT,SHORT,SHORT,SHORT
2023-04-07,04:27:07,NO_POSITION_OPENED,17.88,-,-,-,-,-,-,SHORT,SHORT,SHORT,SHORT,SHORT,SHORT
2023-04-07,04:26:43,NO_POSITION_OPENED,17.88,-,-,-,-,-,-,SHORT,SHORT,SHORT,SHORT,SHORT,SHORT
2023-04-07,04:26:23,NO_POSITION_OPENED,17.88,-,-,-,-,-,-,SHORT,SHORT,SHORT,SHORT,SHORT,SHORT
2023-04-07,04:26:06,NO_POSITION_OPENED,17.88,-,-,-,-,-,-,SHORT,SHORT,SHORT,SHORT,SHORT,SHORT
2023-04-07,04:25:46,NO_POSITION_OPENED,17.88,-,-,-,-,-,-,SHORT,SHORT,SHORT,SHORT,SHORT,SHORT
2023-04-07,04:25:27,NO_POSITION_OPENED,17.88,-,-,-,-,-,-,SHORT,SHORT,SHORT,SHORT,SHORT,SHORT
2023-04-07,04:25:08,NO_POSITION_OPENED,17.88,-,-,-,-,-,-,SHORT,SHORT,SHORT,SHORT,SHORT,SHORT
2023-04-07,04:24:49,NO_POSITION_OPENED,17.88,-,-,-,-,-,-,SHORT,SHORT,SHORT,SHORT,SHORT,SHORT
2023-04-07,04:24:29,NO_POSITION_OPENED,17.88,-,-,-,-,-,-,SHORT,SHORT,SHORT,SHORT,SHORT,SHORT
2023-04-07,04:24:11,NO_POSITION_OPENED,17.88,-,-,-,-,-,-,SHORT,SHORT,SHORT,SHORT,SHORT,SHORT
2023-04-07,04:23:51,NO_POSITION_OPENED,17.88,-,-,-,-,-,-,SHORT,SHORT,SHORT,SHORT,SHORT,SHORT
2023-04-07,04:22:04,NO_POSITION_OPENED,17.88,-,-,-,-,-,-,SHORT,SHORT,SHORT,SHORT,SHORT,SHORT
2023-04-07,04:21:48,NO_POSITION_OPENED,17.88,-,-,-,-,-,-,SHORT,SHORT,SHORT,SHORT,SHORT,SHORT
2023-04-07,04:21:30,NO_POSITION_OPENED,17.88,-,-,-,-,-,-,SHORT,SHORT,SHORT,SHORT,SHORT,SHORT
2023-04-07,04:21:12,NO_POSITION_OPENED,17.88,-,-,-,-,-,-,SHORT,SHORT,SHORT,SHORT,SHORT,SHORT
2023-04-07,04:20:53,NO_POSITION_OPENED,17.88,-,-,-,-,-,-,SHORT,SHORT,SHORT,SHORT,SHORT,SHORT
2023-04-07,04:20:33,NO_POSITION_OPENED,17.88,-,-,-,-,-,-,SHORT,SHORT,SHORT,SHORT,SHORT,SHORT
2023-04-07,04:19:28,NO_POSITION_OPENED,17.88,-,-,-,-,-,-,SHORT,SHORT,SHORT,SHORT,SHORT,SHORT
2023-04-07,04:19:09,NO_POSITION_OPENED,17.88,-,-,-,-,-,-,SHORT,SHORT,SHORT,SHORT,SHORT,SHORT
2023-04-07,04:18:48,NO_POSITION_OPENED,17.88,-,-,-,-,-,-,SHORT,SHORT,SHORT,SHORT,SHORT,SHORT
2023-04-07,04:18:31,NO_POSITION_OPENED,17.88,-,-,-,-,-,-,SHORT,SHORT,SHORT,SHORT,SHORT,SHORT
2023-04-07,04:18:12,NO_POSITION_OPENED,17.88,-,-,-,-,-,-,SHORT,SHORT,SHORT,SHORT,SHORT,SHORT
2023-04-07,04:17:52,NO_POSITION_OPENED,17.88,-,-,-,-,-,-,SHORT,SHORT,SHORT,SHORT,SHORT,SHORT
2023-04-07,04:17:32,NO_POSITION_OPENED,17.88,-,-,-,-,-,-,SHORT,SHORT,SHORT,SHORT,SHORT,SHORT
2023-04-07,04:17:13,NO_POSITION_OPENED,17.88,-,-,-,-,-,-,SHORT,SHORT,SHORT,SHORT,SHORT,SHORT
2023-04-07,04:16:55,NO_POSITION_OPENED,17.88,-,-,-,-,-,-,SHORT,SHORT,SHORT,SHORT,SHORT,SHORT
2023-04-07,04:16:37,NO_POSITION_OPENED,17.88,-,-,-,-,-,-,SHORT,SHORT,SHORT,SHORT,SHORT,SHORT
2023-04-07,04:16:15,NO_POSITION_OPENED,17.88,-,-,-,-,-,-,SHORT,SHORT,SHORT,SHORT,SHORT,SHORT
2023-04-07,04:15:56,NO_POSITION_OPENED,17.88,-,-,-,-,-,-,SHORT,SHORT,SHORT,SHORT,SHORT,SHORT
2023-04-07,04:15:36,NO_POSITION_OPENED,17.88,-,-,-,-,-,-,SHORT,SHORT,SHORT,SHORT,SHORT,SHORT
2023-04-07,04:15:14,NO_POSITION_OPENED,17.88,-,-,-,-,-,-,SHORT,SHORT,SHORT,SHORT,SHORT,SHORT
2023-04-07,04:14:56,NO_POSITION_OPENED,17.88,-,-,-,-,-,-,SHORT,SHORT,SHORT,SHORT,SHORT,SHORT
2023-04-07,04:14:39,NO_POSITION_OPENED,17.88,-,-,-,-,-,-,SHORT,SHORT,SHORT,SHORT,SHORT,SHORT
2023-04-07,04:14:20,NO_POSITION_OPENED,17.88,-,-,-,-,-,-,SHORT,SHORT,SHORT,SHORT,SHORT,SHORT
2023-04-07,04:13:36,NO_POSITION_OPENED,17.88,-,-,-,-,-,-,SHORT,SHORT,SHORT,SHORT,SHORT,SHORT
2023-04-07,04:13:18,NO_POSITION_OPENED,17.88,-,-,-,-,-,-,SHORT,SHORT,SHORT,SHORT,SHORT,SHORT
2023-04-07,04:13:00,NO_POSITION_OPENED,17.88,-,-,-,-,-,-,SHORT,SHORT,SHORT,SHORT,SHORT,SHORT
2023-04-07,04:12:40,NO_POSITION_OPENED,17.88,-,-,-,-,-,-,SHORT,SHORT,SHORT,SHORT,SHORT,SHORT
2023-04-07,04:12:22,NO_POSITION_OPENED,17.88,-,-,-,-,-,-,SHORT,SHORT,SHORT,SHORT,SHORT,SHORT
2023-04-07,04:12:06,NO_POSITION_OPENED,17.88,-,-,-,-,-,-,SHORT,SHORT,SHORT,SHORT,SHORT,SHORT
2023-04-07,04:11:48,NO_POSITION_OPENED,17.88,-,-,-,-,-,-,SHORT,SHORT,SHORT,SHORT,SHORT,SHORT
2023-04-07,04:11:29,NO_POSITION_OPENED,17.88,-,-,-,-,-,-,SHORT,SHORT,SHORT,SHORT,SHORT,SHORT
2023-04-07,04:11:09,NO_POSITION_OPENED,17.88,-,-,-,-,-,-,SHORT,SHORT,SHORT,SHORT,SHORT,SHORT
2023-04-07,04:10:50,NO_POSITION_OPENED,17.88,-,-,-,-,-,-,SHORT,SHORT,SHORT,SHORT,SHORT,SHORT
2023-04-07,04:10:28,NO_POSITION_OPENED,17.88,-,-,-,-,-,-,SHORT,SHORT,SHORT,SHORT,SHORT,SHORT
2023-04-07,04:10:09,NO_POSITION_OPENED,17.88,-,-,-,-,-,-,SHORT,SHORT,SHORT,SHORT,SHORT,SHORT
2023-04-07,04:09:51,NO_POSITION_OPENED,17.88,-,-,-,-,-,-,SHORT,SHORT,SHORT,SHORT,SHORT,SHORT
2023-04-07,04:09:36,NO_POSITION_OPENED,17.88,-,-,-,-,-,-,SHORT,SHORT,SHORT,SHORT,SHORT,SHORT
2023-04-07,04:09:17,NO_POSITION_OPENED,17.88,-,-,-,-,-,-,SHORT,SHORT,SHORT,SHORT,SHORT,SHORT
2023-04-07,04:08:57,NO_POSITION_OPENED,17.88,-,-,-,-,-,-,SHORT,SHORT,SHORT,SHORT,SHORT,SHORT
2023-04-07,04:08:40,NO_POSITION_OPENED,17.88,-,-,-,-,-,-,SHORT,SHORT,SHORT,SHORT,SHORT,SHORT
2023-04-07,04:08:22,NO_POSITION_OPENED,17.88,-,-,-,-,-,-,SHORT,SHORT,SHORT,SHORT,SHORT,SHORT
2023-04-07,04:08:04,NO_POSITION_OPENED,17.88,-,-,-,-,-,-,SHORT,SHORT,SHORT,SHORT,SHORT,SHORT
2023-04-07,04:07:43,NO_POSITION_OPENED,17.88,-,-,-,-,-,-,SHORT,SHORT,SHORT,SHORT,SHORT,SHORT
2023-04-07,04:07:26,NO_POSITION_OPENED,17.88,-,-,-,-,-,-,SHORT,SHORT,SHORT,SHORT,SHORT,SHORT
2023-04-07,04:07:08,NO_POSITION_OPENED,17.88,-,-,-,-,-,-,SHORT,SHORT,SHORT,SHORT,SHORT,SHORT
2023-04-07,04:06:50,NO_POSITION_OPENED,17.88,-,-,-,-,-,-,SHORT,SHORT,SHORT,SHORT,SHORT,SHORT
2023-04-07,04:06:30,NO_POSITION_OPENED,17.88,-,-,-,-,-,-,SHORT,SHORT,SHORT,SHORT,SHORT,SHORT
2023-04-07,04:06:12,NO_POSITION_OPENED,17.88,-,-,-,-,-,-,SHORT,SHORT,SHORT,SHORT,SHORT,SHORT
2023-04-07,04:05:49,NO_POSITION_OPENED,17.88,-,-,-,-,-,-,SHORT,SHORT,SHORT,SHORT,SHORT,SHORT
2023-04-07,04:05:32,NO_POSITION_OPENED,17.88,-,-,-,-,-,-,SHORT,SHORT,SHORT,SHORT,SHORT,SHORT
2023-04-07,04:05:12,NO_POSITION_OPENED,17.88,-,-,-,-,-,-,SHORT,SHORT,SHORT,SHORT,SHORT,SHORT
2023-04-07,04:04:51,NO_POSITION_OPENED,17.88,-,-,-,-,-,-,SHORT,SHORT,SHORT,SHORT,SHORT,SHORT
2023-04-07,04:04:27,NO_POSITION_OPENED,17.88,-,-,-,-,-,-,SHORT,SHORT,SHORT,SHORT,SHORT,SHORT
2023-04-07,04:04:09,NO_POSITION_OPENED,17.88,-,-,-,-,-,-,SHORT,SHORT,SHORT,SHORT,SHORT,SHORT
2023-04-07,04:03:49,NO_POSITION_OPENED,17.88,-,-,-,-,-,-,SHORT,SHORT,SHORT,SHORT,SHORT,SHORT
2023-04-07,04:03:31,NO_POSITION_OPENED,17.88,-,-,-,-,-,-,SHORT,SHORT,SHORT,SHORT,SHORT,SHORT
2023-04-07,04:03:11,NO_POSITION_OPENED,17.88,-,-,-,-,-,-,SHORT,SHORT,SHORT,SHORT,SHORT,SHORT
2023-04-07,04:02:53,NO_POSITION_OPENED,17.88,-,-,-,-,-,-,SHORT,SHORT,SHORT,SHORT,SHORT,SHORT
2023-04-07,04:02:35,NO_POSITION_OPENED,17.88,-,-,-,-,-,-,SHORT,SHORT,SHORT,SHORT,SHORT,SHORT
2023-04-07,04:02:15,NO_POSITION_OPENED,17.88,-,-,-,-,-,-,SHORT,SHORT,SHORT,SHORT,SHORT,SHORT
2023-04-07,04:01:54,NO_POSITION_OPENED,17.88,-,-,-,-,-,-,SHORT,SHORT,SHORT,SHORT,SHORT,SHORT
2023-04-07,04:01:35,NO_POSITION_OPENED,17.88,-,-,-,-,-,-,SHORT,SHORT,SHORT,SHORT,SHORT,SHORT
2023-04-07,04:01:14,NO_POSITION_OPENED,17.88,-,-,-,-,-,-,SHORT,SHORT,SHORT,SHORT,SHORT,SHORT
2023-04-07,04:00:53,NO_POSITION_OPENED,17.88,-,-,-,-,-,-,SHORT,SHORT,SHORT,SHORT,SHORT,SHORT
2023-04-07,04:00:34,NO_POSITION_OPENED,17.88,-,-,-,-,-,-,SHORT,SHORT,SHORT,SHORT,SHORT,SHORT
2023-04-07,04:00:11,NO_POSITION_OPENED,17.88,-,-,-,-,-,-,SHORT,SHORT,SHORT,SHORT,SHORT,SHORT
2023-04-07,03:59:52,NO_POSITION_OPENED,17.88,-,-,-,-,-,-,SHORT,SHORT,SHORT,SHORT,SHORT,SHORT
2023-04-07,03:59:34,NO_POSITION_OPENED,17.88,-,-,-,-,-,-,SHORT,SHORT,SHORT,SHORT,SHORT,SHORT
2023-04-07,03:59:13,NO_POSITION_OPENED,17.88,-,-,-,-,-,-,SHORT,SHORT,SHORT,SHORT,SHORT,SHORT
2023-04-07,03:58:54,NO_POSITION_OPENED,17.88,-,-,-,-,-,-,SHORT,SHORT,SHORT,SHORT,SHORT,SHORT
2023-04-07,03:58:32,NO_POSITION_OPENED,17.88,-,-,-,-,-,-,SHORT,SHORT,SHORT,SHORT,SHORT,SHORT
2023-04-07,03:58:08,NO_POSITION_OPENED,17.88,-,-,-,-,-,-,SHORT,SHORT,SHORT,SHORT,SHORT,SHORT
2023-04-07,03:57:49,NO_POSITION_OPENED,17.88,-,-,-,-,-,-,SHORT,SHORT,SHORT,SHORT,SHORT,SHORT
2023-04-07,03:57:28,NO_POSITION_OPENED,17.88,-,-,-,-,-,-,SHORT,SHORT,SHORT,SHORT,SHORT,SHORT
2023-04-07,03:57:06,NO_POSITION_OPENED,17.88,-,-,-,-,-,-,SHORT,SHORT,SHORT,SHORT,SHORT,SHORT
2023-04-07,03:56:44,NO_POSITION_OPENED,17.88,-,-,-,-,-,-,SHORT,SHORT,SHORT,SHORT,SHORT,SHORT
2023-04-07,03:56:20,NO_POSITION_OPENED,17.88,-,-,-,-,-,-,SHORT,SHORT,SHORT,SHORT,SHORT,SHORT
2023-04-07,03:55:54,NO_POSITION_OPENED,17.88,-,-,-,-,-,-,SHORT,SHORT,SHORT,SHORT,SHORT,SHORT
2023-04-07,03:55:33,NO_POSITION_OPENED,17.88,-,-,-,-,-,-,SHORT,SHORT,SHORT,SHORT,SHORT,SHORT
2023-04-07,03:55:13,NO_POSITION_OPENED,17.88,-,-,-,-,-,-,SHORT,SHORT,SHORT,SHORT,SHORT,SHORT
2023-04-07,03:54:55,NO_POSITION_OPENED,17.88,-,-,-,-,-,-,SHORT,SHORT,SHORT,SHORT,SHORT,SHORT
2023-04-07,03:54:34,NO_POSITION_OPENED,17.88,-,-,-,-,-,-,SHORT,SHORT,SHORT,SHORT,SHORT,SHORT
2023-04-07,03:54:14,NO_POSITION_OPENED,17.88,-,-,-,-,-,-,SHORT,SHORT,SHORT,SHORT,SHORT,SHORT
2023-04-07,03:53:52,NO_POSITION_OPENED,17.88,-,-,-,-,-,-,SHORT,SHORT,SHORT,SHORT,SHORT,SHORT
2023-04-07,03:53:29,NO_POSITION_OPENED,17.88,-,-,-,-,-,-,SHORT,SHORT,SHORT,SHORT,SHORT,SHORT
2023-04-07,03:53:08,NO_POSITION_OPENED,17.88,-,-,-,-,-,-,SHORT,SHORT,SHORT,SHORT,SHORT,SHORT
2023-04-07,03:52:46,NO_POSITION_OPENED,17.88,-,-,-,-,-,-,SHORT,SHORT,SHORT,SHORT,SHORT,SHORT
2023-04-07,03:52:26,NO_POSITION_OPENED,17.88,-,-,-,-,-,-,SHORT,SHORT,SHORT,SHORT,SHORT,SHORT
2023-04-07,03:52:04,NO_POSITION_OPENED,17.88,-,-,-,-,-,-,SHORT,SHORT,SHORT,SHORT,SHORT,SHORT
2023-04-07,03:51:38,NO_POSITION_OPENED,17.88,-,-,-,-,-,-,SHORT,SHORT,SHORT,SHORT,SHORT,SHORT
2023-04-07,03:51:09,NO_POSITION_OPENED,17.88,-,-,-,-,-,-,SHORT,SHORT,SHORT,SHORT,SHORT,SHORT
2023-04-07,03:50:39,NO_POSITION_OPENED,17.88,-,-,-,-,-,-,SHORT,SHORT,SHORT,SHORT,SHORT,SHORT
2023-04-07,03:50:16,NO_POSITION_OPENED,17.88,-,-,-,-,-,-,SHORT,SHORT,SHORT,SHORT,SHORT,SHORT
2023-04-07,03:49:57,NO_POSITION_OPENED,17.88,-,-,-,-,-,-,SHORT,SHORT,SHORT,SHORT,SHORT,SHORT
2023-04-07,03:49:40,NO_POSITION_OPENED,17.88,-,-,-,-,-,-,SHORT,SHORT,SHORT,SHORT,SHORT,SHORT
2023-04-07,03:49:22,NO_POSITION_OPENED,17.88,-,-,-,-,-,-,SHORT,SHORT,SHORT,SHORT,SHORT,SHORT
2023-04-07,03:49:03,NO_POSITION_OPENED,17.88,-,-,-,-,-,-,SHORT,SHORT,SHORT,SHORT,SHORT,SHORT
2023-04-07,03:48:45,NO_POSITION_OPENED,17.88,-,-,-,-,-,-,SHORT,SHORT,SHORT,SHORT,SHORT,SHORT
2023-04-07,03:48:26,NO_POSITION_OPENED,17.88,-,-,-,-,-,-,SHORT,SHORT,SHORT,SHORT,SHORT,SHORT
2023-04-07,03:48:04,NO_POSITION_OPENED,17.88,-,-,-,-,-,-,SHORT,SHORT,SHORT,SHORT,SHORT,SHORT
2023-04-07,03:47:42,NO_POSITION_OPENED,17.88,-,-,-,-,-,-,SHORT,SHORT,SHORT,SHORT,SHORT,SHORT
2023-04-07,03:47:25,NO_POSITION_OPENED,17.88,-,-,-,-,-,-,SHORT,SHORT,SHORT,SHORT,SHORT,SHORT
2023-04-07,03:47:06,NO_POSITION_OPENED,17.88,-,-,-,-,-,-,SHORT,SHORT,SHORT,SHORT,SHORT,SHORT
2023-04-07,03:46:48,NO_POSITION_OPENED,17.88,-,-,-,-,-,-,SHORT,SHORT,SHORT,SHORT,SHORT,SHORT
2023-04-07,03:46:28,NO_POSITION_OPENED,17.88,-,-,-,-,-,-,SHORT,SHORT,SHORT,SHORT,SHORT,SHORT
2023-04-07,03:46:08,NO_POSITION_OPENED,17.88,-,-,-,-,-,-,SHORT,SHORT,SHORT,SHORT,SHORT,SHORT
2023-04-07,03:45:46,NO_POSITION_OPENED,17.88,-,-,-,-,-,-,SHORT,SHORT,SHORT,SHORT,SHORT,SHORT
2023-04-07,03:45:26,NO_POSITION_OPENED,17.88,-,-,-,-,-,-,SHORT,SHORT,SHORT,SHORT,SHORT,SHORT
2023-04-07,03:45:03,NO_POSITION_OPENED,17.88,-,-,-,-,-,-,SHORT,SHORT,SHORT,SHORT,SHORT,SHORT
2023-04-07,03:44:44,NO_POSITION_OPENED,17.88,-,-,-,-,-,-,SHORT,SHORT,SHORT,SHORT,SHORT,SHORT
2023-04-07,03:44:25,NO_POSITION_OPENED,17.88,-,-,-,-,-,-,SHORT,SHORT,SHORT,SHORT,SHORT,SHORT
2023-04-07,03:44:05,NO_POSITION_OPENED,17.88,-,-,-,-,-,-,SHORT,SHORT,SHORT,SHORT,SHORT,SHORT
2023-04-07,03:43:44,NO_POSITION_OPENED,17.88,-,-,-,-,-,-,SHORT,SHORT,SHORT,SHORT,SHORT,SHORT
2023-04-07,03:43:25,NO_POSITION_OPENED,17.88,-,-,-,-,-,-,SHORT,SHORT,SHORT,SHORT,SHORT,SHORT
2023-04-07,03:43:05,NO_POSITION_OPENED,17.88,-,-,-,-,-,-,SHORT,SHORT,SHORT,SHORT,SHORT,SHORT
2023-04-07,03:42:44,NO_POSITION_OPENED,17.88,-,-,-,-,-,-,SHORT,SHORT,SHORT,SHORT,SHORT,SHORT
2023-04-07,03:42:21,NO_POSITION_OPENED,17.88,-,-,-,-,-,-,SHORT,SHORT,SHORT,SHORT,SHORT,SHORT
2023-04-07,03:42:00,NO_POSITION_OPENED,17.88,-,-,-,-,-,-,SHORT,SHORT,SHORT,SHORT,SHORT,SHORT
2023-04-07,03:41:41,NO_POSITION_OPENED,17.88,-,-,-,-,-,-,SHORT,SHORT,SHORT,SHORT,SHORT,SHORT
2023-04-07,03:41:06,NO_POSITION_OPENED,17.88,-,-,-,-,-,-,SHORT,SHORT,SHORT,SHORT,SHORT,SHORT
2023-04-07,03:40:47,NO_POSITION_OPENED,17.88,-,-,-,-,-,-,SHORT,SHORT,SHORT,SHORT,SHORT,SHORT
2023-04-07,03:40:28,NO_POSITION_OPENED,17.88,-,-,-,-,-,-,SHORT,SHORT,SHORT,SHORT,SHORT,SHORT
2023-04-07,03:40:07,NO_POSITION_OPENED,17.88,-,-,-,-,-,-,SHORT,SHORT,SHORT,SHORT,SHORT,SHORT
2023-04-07,03:39:45,NO_POSITION_OPENED,17.88,-,-,-,-,-,-,SHORT,SHORT,SHORT,SHORT,SHORT,SHORT
2023-04-07,03:39:28,NO_POSITION_OPENED,17.88,-,-,-,-,-,-,SHORT,SHORT,SHORT,SHORT,SHORT,SHORT
2023-04-07,03:39:07,NO_POSITION_OPENED,17.88,-,-,-,-,-,-,SHORT,SHORT,SHORT,SHORT,SHORT,SHORT
2023-04-07,03:38:47,NO_POSITION_OPENED,17.88,-,-,-,-,-,-,SHORT,SHORT,SHORT,SHORT,SHORT,SHORT
2023-04-07,03:38:25,NO_POSITION_OPENED,17.88,-,-,-,-,-,-,SHORT,SHORT,SHORT,SHORT,SHORT,SHORT
2023-04-07,03:38:05,NO_POSITION_OPENED,17.88,-,-,-,-,-,-,SHORT,SHORT,SHORT,SHORT,SHORT,SHORT
2023-04-07,03:37:42,NO_POSITION_OPENED,17.88,-,-,-,-,-,-,SHORT,SHORT,SHORT,SHORT,SHORT,SHORT
2023-04-07,03:37:23,NO_POSITION_OPENED,17.88,-,-,-,-,-,-,SHORT,SHORT,SHORT,SHORT,SHORT,SHORT
2023-04-07,03:37:04,NO_POSITION_OPENED,17.88,-,-,-,-,-,-,SHORT,SHORT,SHORT,SHORT,SHORT,SHORT
2023-04-07,03:36:29,NO_POSITION_OPENED,17.88,-,-,-,-,-,-,SHORT,SHORT,SHORT,SHORT,SHORT,SHORT
2023-04-07,03:36:08,NO_POSITION_OPENED,17.88,-,-,-,-,-,-,SHORT,SHORT,SHORT,SHORT,SHORT,SHORT
2023-04-07,03:35:45,NO_POSITION_OPENED,17.88,-,-,-,-,-,-,SHORT,SHORT,SHORT,SHORT,SHORT,SHORT
2023-04-07,03:35:22,NO_POSITION_OPENED,17.88,-,-,-,-,-,-,SHORT,SHORT,SHORT,SHORT,SHORT,SHORT
2023-04-07,03:34:57,NO_POSITION_OPENED,17.88,-,-,-,-,-,-,SHORT,SHORT,SHORT,SHORT,SHORT,SHORT
2023-04-07,03:34:28,POSITION_CLOSED,EST_PROFIT/LOSS:3.03,,,,,,,,,,,,
2023-04-07,03:34:28,Empty,18.91,3.03,30.34%,,27907.90,28155.48,-,SHORT,SHORT,SHORT,SHORT,SHORT,SHORT
,,,,,,,,,,,,,,,
2023-04-07,03:34:00,Empty,16.30,0.43,4.29%,,27907.90,28155.48,-247.58,SHORT,SHORT,SHORT,SHORT,SHORT,SHORT
2023-04-07,03:33:34,Empty,15.87,0.00,0%,,27907.90,28155.48,-247.58,SHORT,SHORT,SHORT,SHORT,SHORT,LONG
2023-04-07,03:33:16,Empty,15.87,0.00,0%,,27907.90,28155.48,-247.58,SHORT,SHORT,SHORT,SHORT,SHORT,LONG
2023-04-07,03:32:56,Empty,15.87,0.00,0%,,27907.90,28155.48,-247.58,SHORT,SHORT,SHORT,SHORT,SHORT,LONG
,,,,,,,,,,,,,,,
2023-04-07,03:32:30,NO_POSITION_OPENED,16.07,-,-,-,-,-,-,SHORT,SHORT,SHORT,SHORT,SHORT,SHORT
,,,,,,,,,,,,,,,
2023-04-07,03:32:15,NO_POSITION_OPENED,16.07,-,-,-,-,-,-,SHORT,LONG,SHORT,SHORT,LONG,LONG
2023-04-07,03:31:59,NO_POSITION_OPENED,16.07,-,-,-,-,-,-,SHORT,LONG,SHORT,SHORT,LONG,LONG
2023-04-07,03:31:40,NO_POSITION_OPENED,16.07,-,-,-,-,-,-,SHORT,LONG,SHORT,SHORT,LONG,LONG
2023-04-07,03:31:20,NO_POSITION_OPENED,16.07,-,-,-,-,-,-,SHORT,LONG,SHORT,SHORT,LONG,LONG
2023-04-07,03:31:00,NO_POSITION_OPENED,16.07,-,-,-,-,-,-,SHORT,LONG,SHORT,SHORT,LONG,LONG
2023-04-07,03:30:41,NO_POSITION_OPENED,16.07,-,-,-,-,-,-,SHORT,LONG,SHORT,SHORT,LONG,LONG
2023-04-07,03:30:14,NO_POSITION_OPENED,16.07,-,-,-,-,-,-,SHORT,LONG,SHORT,SHORT,LONG,LONG
2023-04-07,03:29:56,NO_POSITION_OPENED,16.07,-,-,-,-,-,-,SHORT,LONG,SHORT,SHORT,LONG,LONG
2023-04-07,03:29:40,NO_POSITION_OPENED,16.07,-,-,-,-,-,-,SHORT,LONG,SHORT,SHORT,LONG,LONG
2023-04-07,03:29:20,NO_POSITION_OPENED,16.07,-,-,-,-,-,-,SHORT,LONG,SHORT,SHORT,LONG,LONG
2023-04-07,03:29:00,NO_POSITION_OPENED,16.07,-,-,-,-,-,-,SHORT,LONG,SHORT,SHORT,LONG,LONG
2023-04-07,03:28:44,NO_POSITION_OPENED,16.07,-,-,-,-,-,-,SHORT,LONG,SHORT,SHORT,LONG,LONG
2023-04-07,03:28:28,NO_POSITION_OPENED,16.07,-,-,-,-,-,-,SHORT,LONG,SHORT,SHORT,LONG,LONG
2023-04-07,03:28:10,NO_POSITION_OPENED,16.07,-,-,-,-,-,-,SHORT,LONG,SHORT,SHORT,LONG,LONG
,,,,,,,,,,,,,,,
2023-04-07,03:27:43,SCRIPT_STARTED,,,,,,,,,,,,,

2023-04-07,03:26:23,NO_POSITION_OPENED,16.07,-,-,-,-,-,-,SHORT,LONG,SHORT,SHORT,LONG,LONG
2023-04-07,03:26:06,NO_POSITION_OPENED,16.07,-,-,-,-,-,-,SHORT,LONG,SHORT,SHORT,LONG,LONG
2023-04-07,03:25:48,NO_POSITION_OPENED,16.07,-,-,-,-,-,-,SHORT,LONG,SHORT,SHORT,LONG,LONG
2023-04-07,03:25:30,NO_POSITION_OPENED,16.07,-,-,-,-,-,-,SHORT,LONG,SHORT,SHORT,LONG,LONG
2023-04-07,03:25:14,NO_POSITION_OPENED,16.07,-,-,-,-,-,-,SHORT,LONG,SHORT,SHORT,LONG,LONG
2023-04-07,03:24:57,NO_POSITION_OPENED,16.07,-,-,-,-,-,-,SHORT,LONG,SHORT,SHORT,LONG,LONG
2023-04-07,03:24:39,POSITION_CLOSED,EST_PROFIT/LOSS:-0.59,,,,,,,,,,,,
2023-04-07,03:24:39,Empty,16.27,-0.59,-5.87%,,27910.80,28185.97,,SHORT,LONG,SHORT,SHORT,LONG,LONG
,,,,,,,,,,,,,,,
2023-04-07,03:24:10,Empty,16.72,-0.14,-1.43%,,27910.80,28185.97,-275.17,SHORT,SHORT,SHORT,SHORT,LONG,SHORT
2023-04-07,03:23:48,Empty,16.81,-0.05,-0.46%,,27910.80,28185.97,-275.17,SHORT,SHORT,SHORT,SHORT,LONG,SHORT
2023-04-07,03:23:26,Empty,16.86,0.00,0%,,27910.80,28185.97,-275.17,SHORT,SHORT,SHORT,SHORT,LONG,SHORT
2023-04-07,03:23:07,Empty,16.86,0.00,0%,,27910.80,28185.97,-275.17,SHORT,SHORT,SHORT,SHORT,LONG,SHORT
2023-04-07,03:22:48,Empty,16.86,0.00,0%,,27910.80,28185.97,-275.17,SHORT,SHORT,SHORT,SHORT,LONG,SHORT
,,,,,,,,,,,,,,,
2023-04-07,03:22:27,NO_POSITION_OPENED,17.06,-,-,-,-,-,-,SHORT,SHORT,SHORT,SHORT,LONG,SHORT
,,,,,,,,,,,,,,,
2023-04-07,03:22:01,NO_POSITION_OPENED,17.06,-,-,-,-,-,-,SHORT,SHORT,LONG,SHORT,LONG,SHORT
2023-04-07,03:21:44,NO_POSITION_OPENED,17.06,-,-,-,-,-,-,SHORT,SHORT,LONG,SHORT,LONG,SHORT
2023-04-07,03:21:25,NO_POSITION_OPENED,17.06,-,-,-,-,-,-,SHORT,SHORT,LONG,SHORT,LONG,SHORT
2023-04-07,03:21:06,NO_POSITION_OPENED,17.06,-,-,-,-,-,-,SHORT,SHORT,LONG,SHORT,LONG,SHORT
2023-04-07,03:20:47,NO_POSITION_OPENED,17.06,-,-,-,-,-,-,SHORT,SHORT,LONG,SHORT,LONG,SHORT
2023-04-07,03:20:29,NO_POSITION_OPENED,17.06,-,-,-,-,-,-,SHORT,SHORT,LONG,SHORT,LONG,SHORT
2023-04-07,03:20:11,NO_POSITION_OPENED,17.06,-,-,-,-,-,-,SHORT,SHORT,LONG,SHORT,LONG,SHORT
2023-04-07,03:19:54,NO_POSITION_OPENED,17.06,-,-,-,-,-,-,SHORT,SHORT,LONG,SHORT,LONG,SHORT
2023-04-07,03:19:36,POSITION_CLOSED,EST_PROFIT/LOSS:-0.93,,,,,,,,,,,,
2023-04-07,03:19:36,Multi,17.26,-0.93,-9.26%,,27939.90,27627.37,,SHORT,SHORT,SHORT,SHORT,LONG,LONG
,,,,,,,,,,,,,,,
2023-04-07,03:19:20,Multi,17.38,-0.80,-8.01%,,27939.90,27627.37,312.53,SHORT,LONG,LONG,SHORT,LONG,LONG
2023-04-07,03:19:01,Multi,17.38,-0.80,-8.01%,,27939.90,27627.37,312.53,SHORT,LONG,LONG,SHORT,LONG,LONG
2023-04-07,03:18:39,Multi,17.38,-0.80,-8.01%,,27939.90,27627.37,312.53,SHORT,LONG,LONG,SHORT,LONG,LONG
2023-04-07,03:18:17,Multi,17.68,-0.51,-5.08%,,27939.90,27627.37,312.53,SHORT,LONG,LONG,SHORT,LONG,LONG
2023-04-07,03:17:58,Multi,17.68,-0.51,-5.08%,,27939.90,27627.37,312.53,SHORT,LONG,LONG,SHORT,LONG,LONG
2023-04-07,03:17:38,Multi,17.68,-0.51,-5.08%,,27939.90,27627.37,312.53,SHORT,LONG,LONG,SHORT,LONG,LONG
2023-04-07,03:17:11,Multi,17.95,-0.24,-2.36%,,27939.90,27627.37,312.53,SHORT,LONG,LONG,SHORT,LONG,LONG
2023-04-07,03:16:50,Multi,17.95,-0.24,-2.36%,,27939.90,27627.37,312.53,SHORT,LONG,LONG,SHORT,LONG,LONG
,,,,,,,,,,,,,,,
2023-04-07,03:16:26,SCRIPT_STARTED,,,,,,,,,,,,,

